<?xml version="1.0" encoding="UTF-8"?>

<beans xmlns="http://www.springframework.org/schema/beans"

	xmlns:xsi="http://www.w3.org/2001/XMLSchema-instance" xmlns:flow="http://www.springframework.org/schema/webflow-config"

	xsi:schemaLocation="http://www.springframework.org/schema/webflow-config

http://www.springframework.org/schema/webflow-config/spring-webflow-config-2.4.xsd

http://www.springframework.org/schema/beans

http://www.springframework.org/schema/beans/spring-beans-3.0.xsd">

	<bean class="org.springframework.webflow.mvc.servlet.FlowHandlerMapping">

		<property name="flowRegistry" ref="userCheckoutFlowRegistry" />

	</bean>



	<bean class="org.springframework.webflow.mvc.servlet.FlowHandlerAdapter">

		<property name="flowExecutor" ref="userCheckoutFlowExecutor" />

	</bean>


	<flow:flow-executor id="userCheckoutFlowExecutor"
		flow-registry="userCheckoutFlowRegistry" />

	<flow:flow-registry id="userCheckoutFlowRegistry">

		<flow:flow-location id="userCheckoutFlow"
			path="/views/userCheckoutFlow.xml" />

	</flow:flow-registry>


</beans>
